{
	"info": {
		"_postman_id": "54c8e015-006e-4796-a3db-5f40bbf89ae7",
		"name": "USER",
		"schema": "https://schema.getpostman.com/json/collection/v2.1.0/collection.json",
		"_exporter_id": "7132654"
	},
	"item": [
		{
			"name": "USER_GET_ALL",
			"request": {
				"method": "GET",
				"header": [],
				"url": {
					"raw": "http://localhost:8080/api/v1/user",
					"protocol": "http",
					"host": [
						"localhost"
					],
					"port": "8080",
					"path": [
						"api",
						"v1",
						"user"
					]
				}
			},
			"response": []
		},
		{
			"name": "USER_GET_ONE",
			"request": {
				"method": "GET",
				"header": [],
				"url": {
					"raw": "http://localhost:8080/api/v1/user/2",
					"protocol": "http",
					"host": [
						"localhost"
					],
					"port": "8080",
					"path": [
						"api",
						"v1",
						"user",
						"2"
					]
				}
			},
			"response": []
		},
		{
			"name": "USER_POST",
			"request": {
				"method": "POST",
				"header": [],
				"body": {
					"mode": "raw",
					"raw": "{\r\n  \"firstName\": \"Camilo\",\r\n  \"lastName\": \"Barreto\",\r\n  \"userName\": \"camilobarreto\",\r\n  \"password\": \"123456\",\r\n  \"phone\": \"+5534999998888\",\r\n  \"socialNetwork\": \"www.google.com\"\r\n}",
					"options": {
						"raw": {
							"language": "json"
						}
					}
				},
				"url": {
					"raw": "http://localhost:8080/api/v1/user",
					"protocol": "http",
					"host": [
						"localhost"
					],
					"port": "8080",
					"path": [
						"api",
						"v1",
						"user"
					]
				}
			},
			"response": []
		},
		{
			"name": "USER_PUT",
			"request": {
				"method": "PUT",
				"header": [],
				"body": {
					"mode": "raw",
					"raw": "{\r\n  \"id\": 1,\r\n  \"firstName\": \"Camilo1\",\r\n  \"lastName\": \"Barreto\",\r\n  \"userName\": \"camilobarreto\",\r\n  \"password\": \"123456\",\r\n  \"phone\": \"+5534999998888\",\r\n  \"socialNetwork\": \"www.google.com\"\r\n}",
					"options": {
						"raw": {
							"language": "json"
						}
					}
				},
				"url": {
					"raw": "http://localhost:8080/api/v1/user",
					"protocol": "http",
					"host": [
						"localhost"
					],
					"port": "8080",
					"path": [
						"api",
						"v1",
						"user"
					]
				}
			},
			"response": []
		},
		{
			"name": "USER_DELETE",
			"request": {
				"method": "DELETE",
				"header": [],
				"url": {
					"raw": "http://localhost:8080/api/v1/user/1",
					"protocol": "http",
					"host": [
						"localhost"
					],
					"port": "8080",
					"path": [
						"api",
						"v1",
						"user",
						"1"
					]
				}
			},
			"response": []
		}
	]
}